{
    "name": "JSON",
    "id": "simpod-json-datasource",
    "type": "datasource",
    "partials": {
        "config": "partials/config.html"
    },
    "metrics": true,
    "annotations": true,
    "info": {
        "author": {
            "name": "Open Source Friends"
        },
        "description": "JSON over HTTP datasource",
        "logos": {
            "small": "img/json-logo.svg",
            "large": "img/json-logo.svg"
        },
        "links": [
            {
                "name": "GitHub",
                "url": "https://github.com/simPod/grafana-json-datasource"
            },
            {
                "name": "MIT License",
                "url": "https://github.com/simPod/grafana-json-datasource/blob/master/LICENSE"
            }
        ],
        "version": "%VERSION%",
        "updated": "%TODAY%"
    },
    "dependencies": {
        "grafanaVersion": "6.4.x",
        "plugins": [ ]
    }
}
