{
  "type": "datasource",
  "name": "GraphQL Data Source",
  "id": "fifemon-graphql-datasource",
  "metrics": true,
  "annotations": true,

  "info": {
    "description": "GraphQL Data Source",
    "author": {
      "name": "Kevin Retzke"
    },
    "keywords": ["GraphQL"],
    "logos": {
      "small": "img/logo.svg",
      "large": "img/logo.svg"
    },
    "links": [
      { "name": "Website", "url": "https://github.com/fifemon/graphql-datasource" },
      { "name": "License", "url": "https://github.com/fifemon/graphql-datasource/blob/master/LICENSE" }
    ],
    "screenshots": [],
    "version": "%VERSION%",
    "updated": "%TODAY%"
  },

  "dependencies": {
    "grafanaVersion": "6.4.x",
    "plugins": []
  }
}
